Column,Description,,,
Airline,Different types of commercial airlines,,,
Flight,Types of Aircraft,,,
AirportFrom,Source Airport,,,
AirportTo,Destination Airport,,,
DayOfWeek,Tells you about the day of week,,,
Time,departure time measured in minutes from midnight (range is 10-1439),,,
Length,duration of the flight in minutes,,,
Delay,Whether the flight is delayed or not.,,,
,,,,
Airlines ID,Description,,,
WN, Southwest,,,
DL, Delta,,,
OO, Skywest,,,
AA, American Airlines,,,
MQ, Envoy,,,
US,PSA (initially US Airway Express)," There was a US Airways Express, which now has the symbol OH, and the new name is PSA",,
XE, JSX,,,
EV, ExpressJet,,,
UA, United Airlines,,,
CO, United Airlines (initially CO)," There was a Continental Airlines, but now it is part of United Airlines",,
9E, Endeavor,,,
B6, Jetblue,,,
YV, Mesa,,,
OH, PSA,,,
AS, Alaska,,,
F9, Frontier,,,
HA, Hawaiian,,,
,,,,
Aiport ID,Description,,,
ABE,RAF Calveley,,,
ABE,Bisho Airport,,,
ABE,Beica Airport,,,
ABE,Lehigh Valley International Airport,,,
ABE,Bethel Airport,,,
ABE,Jorge Newbery Airpark,,,
ABI,Abilene Regional Airport,,,
ABI,Allen Army Airfield,,,
ABI,Bilaspur Airport,,,
ABI,Nabire Airport,,,
ABI,Abingdon Downs Airport,,,
ABQ,Albuquerque International Sunport,,,
ABR,Barberton Airport,,,
ABR,Bourem Airport,,,
ABR,Aberdeen Regional Airport,,,
ABR,Wiley Post Will Rogers Memorial Airport,,,
ABR,Abra Mine Camp Airport,,,
ABY,Southwest Georgia Regional Airport,,,
ABY,Kebo Airstrip,,,
ACT,Cape Town International Airport,,,
ACT,Waco Regional Airport,,,
ACT,Chamical Airport,,,
ACV,Calvinia Airport,,,
ACV,California Redwood Coast-Humboldt County Airport,,,
ACV,Merle K (Mudhole) Smith Airport,,,
ACV,Villa Maria Airport,,,
ADK,Mubatuba Airport,,,
ADK,Adak Airport,,,
ADQ,Zulu Inyala Airport,,,
ADQ,Kodiak Airport,,,
ADQ,Quilmes Airport,,,
AEX,Alexandria International Airport,,,
AGS,Giants Castle Airport,,,
AGS,Augusta Regional At Bush Field,,,
AGS,Gustavus Airport,,,
ALB,Ladybrand Af Airport,,,
ALB,Albany International Airport,,,
ALB,Larsen Bay Airport,,,
AMA,Matatiele Airport,,,
AMA,Markala Airport,,,
AMA,Mekane Selam Airport,,,
AMA,Rick Husband Amarillo International Airport,,,
AMA,General Alvear Airport,,,
AMA,Mundra Airport,,,
AMA,Gamarmalamo Airport,,,
AMA,Yamba Heliport,,,
ANC,Newcastle Airport,,,
ANC,Ted Stevens Anchorage International Airport,,,
ANC,Catamarca Airport,,,
ASE,Sabi Sabi Airport,,,
ASE,Aspen-Pitkin Co/Sardy Field,,,
ASE,Kebar Airport,,,
ATL,Hartsfield Jackson Atlanta International Airport,,,
ATL,Tatalina LRRS Airport,,,
ATL,Atula Airport,,,
ATW,Witberg Tswalu Airport,,,
ATW,Appleton International Airport,,,
ATW,Taywarah Airport,,,
ATW,Cantwell Airport,,,
AUS,Austin Robert Mueller Municipal Airport,,,
AUS,Austin Bergstrom International Airport,,,
AUS,Austral Downs Airport,,,
AVL,Asheville Regional Airport,,,
AVL,Vlorë Air Base,,,
AVL,Kivalina Airport,,,
AVP,Vanderbijlpark Airport,,,
AVP,Wilkes Barre Scranton International Airport,,,
AVP,Paso De Los Indios Airport,,,
AZO,Kalamazoo Battle Creek International Airport,,,
AZO,Necochea Airport,,,
BDL,Lanklaar heliport,,,
BDL,Bradley International Airport,,,
BET,Bellata Airstrip,,,
BFL,Meadows Field,,,
BFL,Hercílio Luz International Airport,,,
BGM,Gumare Airport,,,
BGM,Greater Binghamton/Edwin A Link field,,,
BGM,Guajará-Mirim Airport,,,
BGM,Marudi Airport,,,
BGR,Bangor International Airport,,,
BGR,Grivitsa Airfield,,,
BGR,Guarulhos - Governador André Franco Montoro International Airport,,,
BGR,Miri Airport,,,
BGR,Bridgewater Airport,,,
BHM,Maasland heliport,,,
BHM,Birmingham-Shuttlesworth International Airport,,,
BHM,Hamilton Island Airport,,,
BIL,Billings Logan International Airport,,,
BIL,Bahia - Jorge Amado Airport,,,
BIL,Billiluna Airport,,,
BIS,Ath/Isieres Ulmodrome,,,
BIS,Bismarck Municipal Airport,,,
BKG,Kortrijk - AZ Groeninge Helipad,,,
BKG,Kang Airport,,,
BKG,Presidente João Suassuna Airport,,,
BKG,Keningau Airport,,,
BLI,Lierneux ULM,,,
BLI,Bellingham International Airport,,,
BMI,Central Illinois Regional Airport at Bloomington-Normal,,,
BMI,Boomi Airport,,,
BNA,Nashville International Airport,,,
BNA,Ballina Byron Gateway Airport,,,
BOI,Boise Air Terminal/Gowen Field,,,
BOI,Oiapoque Airport,,,
BOI,Boigu Airport,,,
BOS,Ostend-Bruges International Airport,,,
BOS,Logan International Airport,,,
BOS,Fazenda Santo Augusto Airport,,,
BQK,Brunswick Golden Isles Airport,,,
BQK,Fazenda Mundial Airport,,,
BQN,Fazenda Nossa Senhora Aparecida II Airstrip,,,
BRO,Van Den Bosch heliport,,,
BRO,Brownsville South Padre Island International Airport,,,
BRO,Broadford Airstrip,,,
BRO,Bruce Rock Airport,,,
BRW,Brewarrina Airport,,,
BTM,Bert Mooney Airport,,,
BTR,Trazegnies heliport,,,
BTR,Baton Rouge Metropolitan Airport,,,
BTR,Torres Airport,,,
BTR,Blackwater Airport,,,
BTV,Burlington International Airport,,,
BTV,Terravista Airport,,,
BTV,Batavia Downs Airport,,,
BUF,Buffalo Niagara International Airport,,,
BUF,Paulo Afonso Airport,,,
BUR,Bob Hope Airport,,,
BUR,Mário de Almeida Franco Airport,,,
BWI,Wingene Heliport,,,
BWI,Baltimore/Washington International Thurgood Marshall Airport,,,
BWI,Burdekin Falls Dam Airport,,,
BZN,Gallatin Field,,,
CAE,Columbia Metropolitan Airport,,,
CAE,El Buitre Airport,,,
CAE,Campbell Town Airport,,,
CAK,Akron Canton Regional Airport,,,
CAK,Atacalco Airport,,,
CDC,Cedar City Regional Airport,,,
CDC,Pingtung South Airport,,,
CDV,Lago Viedma Airstrip,,,
CDV,Caldervale Station Airport,,,
CEC,Jack Mc Namara Field Airport,,,
CEC,Pelícano Airport,,,
CHA,Chattanooga Metropolitan Airport (Lovell Field),,,
CHA,Chamonate Airport,,,
CHO,Charlottesville Albemarle Airport,,,
CHO,Punta Chungo Airport,,,
CHS,Charleston International Airport,,,
CIC,Chico Municipal Airport,,,
CIC,General Freire Airport,,,
CID,The Eastern Iowa Airport,,,
CID,Marco Davison Bascur Airport,,,
CLD,Llanada Grande Airport,,,
CLE,Cleveland Hopkins International Airport,,,
CLE,La Escondida Airport,,,
CLE,Callendale Airport,,,
CLL,Easterwood Field,,,
CLL,Vallenar Airport,,,
CLT,Charlotte Douglas International Airport,,,
CLT,Topocalma Airport,,,
CLT,Collector Airport,,,
CMH,Egal International Airport,,,
CMH,John Glenn Columbus International Airport,,,
CMH,Manihiki Island Airport,,,
CMH,La Esperanza Airport,,,
CMH,Camden Haven Airport,,,
CMI,Irogo Airport,,,
CMI,Berbera Airport,,,
CMI,University of Illinois Willard Airport,,,
CMI,Los Tricahues Airport,,,
CMX,Houghton County Memorial Airport,,,
COD,Oyo Ollombo Airport,,,
COD,Yellowstone Regional Airport,,,
COD,Cordillo Downs Airport,,,
COS,Souanke Airport,,,
COS,City of Colorado Springs Municipal Airport,,,
COS,Osorno Pampa Ale Airport,,,
COS,Cosmo Newbery Airport,,,
COU,Ouesso Airport,,,
COU,Columbia Regional Airport,,,
CPR,Casper-Natrona County International Airport,,,
CPR,Corte Alto Airport,,,
CRP,Corpus Christi International Airport,,,
CRP,Rapelhuapi Airport,,,
CRW,Yeager Airport,,,
CRW,Rucalonco Airport,,,
CSG,Columbus Metropolitan Airport,,,
CSG,San Gerónimo Airport,,,
CVG,Cincinnati Northern Kentucky International Airport,,,
CVG,El Vergel Airport,,,
CVG,Calvin Grove Airport,,,
CWA,Central Wisconsin Airport,,,
CWA,Wang'an Airport,,,
CWA,Coondewanna Airport,,,
CYS,Cheyenne Regional Jerry Olson Field,,,
DAB,Flugplatz Bautzen,,,
DAB,Daytona Beach International Airport,,,
DAB,Arroyo Barril Airport,,,
DAB,Maju Heliport,,,
DAL,Flugplatz Fuerstenwalde,,,
DAL,Dallas Love Field,,,
DAL,Fazenda Alamo Airport,,,
DAL,Dallas Airport,,,
DAY,Strausberg Airport,,,
DAY,James M Cox Dayton International Airport,,,
DAY,Fazenda Altair Airport,,,
DAY,Dalby Airport,,,
DBQ,Flugplatz Bronkow,,,
DBQ,Dubuque Regional Airport,,,
DBQ,Hospital São Mateus Helipad,,,
DCA,Anklam Airfield,,,
DCA,Ronald Reagan Washington National Airport,,,
DCA,Capão Bonito Airport,,,
DEN,Bad Hersfeld Airfield,,,
DEN,Denver International Airport,,,
DEN,Costa Esmeralda Airport,,,
DEN,Denver Stapleton International Airport,,,
DFW,Würzburg-Schenkenturm Airport,,,
DFW,Dallas Fort Worth International Airport,,,
DFW,Condomínio Edifício San Paolo Heliport,,,
DHN,Neumünster Airport,,,
DHN,Dothan Regional Airport,,,
DHN,Juancho Enriquillo Airport,,,
DHN,REC Berrini TNU  Heliport,,,
DLH,Hamm-Lippewiesen Airport,,,
DLH,Duluth International Airport,,,
DLH,Caldas do Jorro Airport,,,
DLH,Dalhousie Airport,,,
DRO,Schweighofen Airport,,,
DRO,Durango La Plata County Airport,,,
DRO,Otočac Airport,,,
DRO,Agropastoril bom Pastor Airport,,,
DSM,Simunye Airport,,,
DSM,Des Moines International Airport,,,
DSM,Lumbarda Seaplane Terminal,,,
DSM,Fazenda Nossa Senhora da Conceição Airport,,,
DTW,Flugplatz Winzeln-Schramberg,,,
DTW,Detroit Metropolitan Wayne County Airport,,,
DTW,Fazenda São João Airport,,,
EAU,Chippewa Valley Regional Airport,,,
ECP,Capital International Airport,,,
ECP,Northwest Florida Beaches International Airport,,,
EGE,M'Boki Airport,,,
EGE,Eagle County Regional Airport,,,
EGE,Girona-Costa Brava Airport,,,
EGE,Guale Airport,,,
EKO,Elko Regional Airport,,,
EKO,Delgey Airport,,,
ELM,Lange Airfield,,,
ELM,Elmira Corning Regional Airport,,,
ELM,Almansa Airfield,,,
ELM,Loma Larga Airport,,,
ELM,Elmore Airport,,,
ELP,El Paso International Airport,,,
ELP,Lengpui Airport,,,
ERI,Ridali Airfield,,,
ERI,Erie International Tom Ridge Field,,,
ERI,Alcantarilla Air Base,,,
EUG,Mahlon Sweet Field,,,
EVV,Evansville Regional Airport,,,
EWN,Coastal Carolina Regional Airport,,,
EWR,Newark Liberty International Airport,,,
EYW,Key West International Airport,,,
FAI,Aérodrome de Nangis Les Loges,,,
FAR,Hector International Airport,,,
FAR,Montdidier Airfield,,,
FAT,Fresno Yosemite International Airport,,,
FAT,Le Touquet-Côte d'Opale Airport,,,
FAY,Fayetteville Regional Airport - Grannis Field,,,
FAY,Aérodrome d'Amiens-Glisy,,,
FCA,Kaya Airport,,,
FCA,Aérodrome de Châtellerault-Targé,,,
FLG,Flagstaff Pulliam International Airport,,,
FLG,Aérodrome de Grenoble Le Versoud,,,
FLL,Lapinlahti Airfield,,,
FLL,Lungi International Airport,,,
FLL,Fort Lauderdale Hollywood International Airport,,,
FLL,Lyon Saint-Exupéry Airport,,,
FLO,Florence Regional Airport,,,
FLO,Roanne-Renaison Airport,,,
FLO,Flora Valley Airport,,,
FNT,Bishop International Airport,,,
FNT,Aérodrome d'Avignon-Pujaut,,,
FSD,Sioux Falls Regional Airport / Joe Foss Field,,,
FSD,Dijon-Bourgogne Airport,,,
FSM,Fort Smith Regional Airport,,,
FSM,Montbéliard-Courcelles Airfield,,,
FWA,Fort Wayne International Airport,,,
GCC,Manchester Airport,,,
GCC,Northeast Wyoming Regional Airport,,,
GEG,Glasgow City Heliport,,,
GEG,Spokane International Airport,,,
GEG,Shah Amanat International Airport,,,
GFK,Grand Forks International Airport,,,
GGG,East Texas Regional Airport,,,
GGG,Guangzhou Baiyun International Airport,,,
GJT,Grand Junction Regional Airport,,,
GNV,Teesside International Airport,,,
GNV,Gainesville Regional Airport,,,
GNV,Greenvale Airport,,,
GPT,Paamiut Airport,,,
GPT,Perth/Scone Airport,,,
GPT,Gulfport Biloxi International Airport,,,
GPT,Garden Point Airport,,,
GRB,Austin Straubel International Airport,,,
GRB,Rubelsanto Airport,,,
GRK,Killeen-Fort Hood Regional Airport / Robert Gray Army Air Field,,,
GRR,Gerald R. Ford International Airport,,,
GSO,Saarloq Heliport,,,
GSO,Crowfield Airfield,,,
GSO,Piedmont Triad International Airport,,,
GSO,Syros Airport,,,
GSP,Peterborough/Sibson Airport,,,
GSP,Greenville Spartanburg International Airport,,,
GSP,Sparti Airport,,,
GSP,San Pedro Airport,,,
GTF,Fairoaks Airport,,,
GTF,Great Falls International Airport,,,
GTR,Elstree Airfield,,,
GTR,Golden Triangle Regional Airport,,,
GTR,Arorae Island Airport,,,
GUC,Gunnison Crested Butte Regional Airport,,,
GUM,Uummannaq Heliport,,,
GUM,Antonio B. Won Pat International Airport,,,
HDN,Yampa Valley Airport,,,
HDN,Daniel 1 Heliport,,,
HLN,Helena Regional Airport,,,
HLN,Limon Airport,,,
HNL,Daniel K Inouye International Airport,,,
HNL,Nueva de Lyon Heliport,,,
HOU,William P Hobby Airport,,,
HPN,Westchester County Airport,,,
HPN,Manily Airport,,,
HPN,Hopetoun Airport,,,
HRL,Valley International Airport,,,
HSV,Huntsville International Carl T Jones Field,,,
HTS,Tessenei Airport,,,
HTS,Tri-State/Milton J. Ferguson Field,,,
HTS,Alto Trapenses Heliport,,,
HTS,Harts Range Airport,,,
IAD,Washington Dulles International Airport,,,
IAD,Dezful Airport,,,
IAD,Estância Regina Airport,,,
IAH,George Bush Intercontinental Houston Airport,,,
IAH,Gachsaran Airport,,,
IAH,Vitória Apart Hospital Heliport,,,
IAH,Dhanipur Airstrip,,,
ICT,Wichita Eisenhower National Airport,,,
ICT,Vincenzo Florio Airport Trapani-Birgi,,,
ICT,Elektro Heliport,,,
IDA,Dagverðará Airport,,,
IDA,Idaho Falls Regional Airport,,,
IDA,Asiago Airport,,,
IDA,Edifício Dakota Heliport,,,
ILM,Wilmington International Airport,,,
ILM,Casale Monferrato Airport,,,
ILM,Fazenda Regalito Airport,,,
IND,Nýjidalur Airport,,,
IND,Indianapolis International Airport,,,
IND,Ondina Heliport,,,
IPL,Imperial County Airport,,,
IPL,Ghedi Air Base,,,
IPL,Fazenda Entre Serras Airport,,,
IPL,Patiala Airport,,,
IPL,Fatmawati Soekarno Airport,,,
ISP,Sprengisandur Airport,,,
ISP,San Pedro Airport,,,
ISP,Spanish Point Airfield,,,
ISP,Long Island Mac Arthur Airport,,,
ISP,Santa Paula Airport,,,
ISP,Sarsawa Air Force Station,,,
ITH,Sauðanes Airport,,,
ITH,Ithaca Tompkins Regional Airport,,,
ITH,Fazenda Itaipu Airport,,,
ITO,Thorisos Airport,,,
ITO,Muriçoca Airport,,,
IYK,Inyokern Airport,,,
IYK,Fazenda Sorriso Metálico Airport,,,
JAC,Jackson Hole Airport,,,
JAC,Fazenda Rio Preto Airport,,,
JAN,Jackson-Medgar Wiley Evers International Airport,,,
JAN,Niijima Airport,,,
JAN,Grupo Santander Banespa - Panamericana Park Helipad,,,
JAX,Jacksonville International Airport,,,
JAX,Fazenda Acalanto Airport,,,
JFK,John F Kennedy International Airport,,,
JFK,Kagoshima Airport,,,
JFK,Fazenda Cachoeira Airport,,,
JNU,Fazenda Campo Alto Airport,,,
KOA,Kona_International_Airport,,,
KTN,Daegu Airport,,,
KTN,Kyneton Airport,,,
LAN,Capital City Airport,,,
LAN,Angora Airport,,,
LAN,Shenkursk Airport,,,
LAN,Langawirra Airport,,,
LAN,Lanzhou City Airport,,,
LAS,Harry Reid International Airport,,,
LAS,Ascención De Guarayos Airport,,,
LAS,Solovki Airport,,,
LAX,Los Angeles International Airport,,,
LBB,Lubbock Preston Smith International Airport,,,
LBB,Bulo Bulo Airport,,,
LCH,Choma Airport,,,
LCH,Lake Charles Regional Airport,,,
LCH,Cassidy International Airport,,,
LCH,Chimore Airport,,,
LEX,Blue Grass Airport,,,
LFT,Lafayette Regional Airport,,,
LGA,La Guardia Airport,,,
LGA,Mulga Downs Airport,,,
LGB,Long Beach Airport (Daugherty Field),,,
LGB,La Grange Bay Airport,,,
LIH,Lihu'e_Airport,,,
LIT,Bill & Hillary Clinton National Airport/Adams Field,,,
LIT,Itaguazurenda Airport,,,
LMT,Crater Lake-Klamath Regional Airport,,,
LNK,Lincoln Airport,,,
LRD,Laredo International Airport,,,
LRD,Ramat David Air Base,,,
LRD,Lightning Ridge Airport,,,
LSE,Serenje Airport,,,
LSE,La Crosse Regional Airport,,,
LSE,Santa Teresita Airport,,,
LWB,West Two Airport,,,
LWB,Greenbrier Valley Airport,,,
LWB,Belozersk Airport,,,
LWS,Lewiston Nez Perce County Airport,,,
LYH,Lynchburg Regional Airport - Preston Glenn Field,,,
MAF,Midland International Air and Space Port,,,
MAF,Futaysi Airport,,,
MAF,Afobakka Airstrip,,,
MBS,MBS International Airport,,,
MBS,Bulgan Sum Airport,,,
MCI,Mohéli Bandar Es Eslam Airport,,,
MCI,Kansas City International Airport,,,
MCI,Coeroeni Airport,,,
MCO,Orlando International Airport,,,
MCO,San Antonio Copalar Airport,,,
MCO,Totness Airport,,,
MCO,Mallacoota Airport,,,
MDT,Harrisburg International Airport,,,
MDT,Mundrabilla Motel Airport,,,
MDW,Chicago Midway International Airport,,,
MDW,Al Maktoum International Airport,,,
MDW,Maitland Downs Airport,,,
MEI,Key Field / Meridian Regional Airport,,,
MEI,Mereenie Airport,,,
MEM,Memphis International Airport,,,
MFE,McAllen Miller International Airport,,,
MFR,Rogue Valley International Medford Airport,,,
MGM,Montgomery Regional (Dannelly Field) Airport,,,
MGM,General José María Yáñez International Airport,,,
MHK,Manhattan Regional Airport,,,
MHT,Manchester-Boston Regional Airport,,,
MHT,Mount Hart Station Airport,,,
MIA,Miami International Airport,,,
MIA,Licenciado Miguel de la Madrid Airport,,,
MIA,Mildura Airport,,,
MKE,General Mitchell International Airport,,,
MKE,Kayser Airport,,,
MKE,Kerteh Airport,,,
MKG,Muskegon County Airport,,,
MLB,Melbourne Orlando International Airport,,,
MLI,Quad City International Airport,,,
MLI,Lelygebergte Airstrip,,,
MLI,Minsk Machulishchy Air Base,,,
MLU,Monroe Regional Airport,,,
MLU,Lutong Airport,,,
MMH,Mahanoro Airport,,,
MMH,Dakhla Airport,,,
MMH,Mammoth Yosemite Airport,,,
MOB,Mobile Regional Airport,,,
MOD,Modesto City Co-Harry Sham Field,,,
MOT,Minot International Airport,,,
MOT,Moreton Airport,,,
MOT,Khanbumbat Airport,,,
MQT,Marquette Airport,,,
MQT,Querétaro Intercontinental Airport,,,
MRY,Monterey Peninsula Airport,,,
MRY,Moruya Airport,,,
MSN,Samangoky Airport,,,
MSN,Dane County Regional Truax Field,,,
MSN,Sir Abu Nu'ayr Airport,,,
MSO,Missoula International Airport,,,
MSO,Mount Sandon Airport,,,
MSP,Minneapolis–Saint Paul International Airport / Wold–Chamberlain Field,,,
MSP,Ponciano Arriaga International Airport,,,
MSP,Mount Surprise Airport,,,
MSY,Ampanihy Airport,,,
MSY,Louis Armstrong New Orleans International Airport,,,
MTJ,Montrose Regional Airport,,,
MTJ,General Abelardo L. Rodríguez International Airport,,,
MYR,Myrtle Beach International Airport,,,
MYR,Myroodan Station Airport,,,
OAJ,Albert J Ellis Airport,,,
OAJ,Öamtc Heliport,,,
OAK,Metropolitan Oakland International Airport,,,
OAK,Krems Heliport,,,
OGG,M'Bigou Airport,,,
OGG,Ziguinchor Airport,,,
OGG,Punitz-Güssing Airport,,,
OKC,Will Rogers World Airport,,,
OKC,Glock Heliport,,,
OMA,Eppley Airfield,,,
OMA,RAFO Masirah,,,
OME,Nome_Airport,,,
ONT,Ontario International Airport,,,
ORD,Chicago O'Hare International Airport,,,
ORF,Norfolk International Airport,,,
OTH,Southwest Oregon Regional Airport,,,
OTH,Thumrait Air Base,,,
OTZ,Ralph_Wien_Memorial_Airport,,,
PAH,Barkley Regional Airport,,,
PBI,Palm Beach International Airport,,,
PDX,Portland International Airport,,,
PHF,Newport News Williamsburg International Airport,,,
PHL,Philadelphia International Airport,,,
PHL,Olmos Airport,,,
PHX,Phoenix Sky Harbor International Airport,,,
PIA,General Wayne A. Downing Peoria International Airport,,,
PIA,Ica Airport,,,
PIE,St. Petersburg Clearwater International Airport,,,
PIH,Pocatello Regional Airport,,,
PIT,Pittsburgh International Airport,,,
PIT,Paita Airport,,,
PLN,Pellston Regional Airport of Emmet County Airport,,,
PLN,Palanan Community Airport,,,
PLN,San Nicolas Airport,,,
PNS,Pensacola International Airport,,,
PNS,Siargao Airport,,,
PSC,"Szczecin-Goleniów ""Solidarność"" Airport",,,
PSC,Tri Cities Airport,,,
PSC,Santa Cruz Airfield,,,
PSE,Sepahua Airport,,,
PSG,Petersburg_James_A._Johnson_Airport,,,
PSP,Palm Springs International Airport,,,
PSP,Shekhupura Airport,,,
PSP,Bohol-Panglao International Airport,,,
PVD,Theodore Francis Green State Airport,,,
PVD,Sibulan Airport,,,
PVD,Plevna Downs Airport,,,
PWM,Portland International Jetport,,,
RAP,Rapid City Regional Airport,,,
RDD,Redding Municipal Airport,,,
RDD,Don Diego Airport,,,
RDD,Duhok International Airport (under construction),,,
RDM,Roberts Field,,,
RDM,Dos Marías Airport,,,
RDM,Redmont Airport,,,
RDU,Raleigh Durham International Airport,,,
RIC,Richmond International Airport,,,
RKS,Southwest Wyoming Regional Airport,,,
RKS,Enem Airfield,,,
RKS,Rocklands Airport,,,
RNO,Reno Tahoe International Airport,,,
RNO,Siocon Airport,,,
ROA,Roanoke–Blacksburg Regional Airport,,,
ROC,Frederick Douglass Greater Rochester International Airport,,,
ROC,Juan Santamaría International Airport,,,
ROW,Roswell Air Center Airport,,,
RST,Rochester International Airport,,,
RST,San Agustin Airport,,,
RSW,Southwest Florida International Airport,,,
SAF,Santa Fe Municipal Airport,,,
SAF,Aeroclube de Foz do Iguaçu Airport,,,
SAN,San Diego International Airport,,,
SAN,Andirá Airport,,,
SAN,Sandstone Airport,,,
SAT,Atbara Airport,,,
SAT,San Antonio International Airport,,,
SAT,Tengah Air Base,,,
SAV,Savannah Hilton Head International Airport,,,
SAV,Fazenda Amonguijá Airport,,,
SBA,Santa Barbara Municipal Airport,,,
SBA,Fazenda Bela Vista Airport,,,
SBN,South Bend Regional Airport,,,
SBN,Belém Novo Airport,,,
SBP,San Luis County Regional Airport,,,
SBP,Parque Barigui Heliport,,,
SCC,SC401 Square Corporate Helipad,,,
SCC,Chelyabinsk Balandino Airport,,,
SCE,Aeroclube de Bagé,,,
SDF,Ronneby Airport,,,
SDF,Louisville Muhammad Ali International Airport,,,
SDF,Fazenda São José Airport,,,
SEA,Seattle–Tacoma International Airport,,,
SEA,Spessato Aviacao Agricola Airport,,,
SFO,San Francisco International Airport,,,
SFO,Fazenda Novo Horizonte Airport,,,
SGF,Morup Airport,,,
SGF,Azaza Airport,,,
SGF,Springfield Branson National Airport,,,
SGF,Fazenda Formosa Airport,,,
SGU,Rörkärr Airport,,,
SGU,St George Regional Airport,,,
SGU,Fazenda Gurucaia Airport,,,
SHV,Shreveport Regional Airport,,,
SHV,Fazenda Genipapo Airport,,,
SIT,Issaig I Heliport,,,
SJC,Norman Y. Mineta San Jose International Airport,,,
SJC,El Jocotillo Airport,,,
SJC,Fazenda do Jacuí Airport,,,
SJT,San Angelo Regional Mathis Field,,,
SJT,Fazenda Rio Lagoa Airport,,,
SJU,Fazenda Santa Paula Airport,,,
SJU,Quzhou Airport,,,
SLC,Salt Lake City International Airport,,,
SLC,La Cabaña Airport,,,
SLC,Fazenda Laguna Carem Airport,,,
SMF,Fagerhult Airport,,,
SMF,Sacramento International Airport,,,
SMF,Mollis Airport,,,
SMF,Hugo Werner Airport,,,
SMX,Växjö Kronoberg Airport,,,
SMX,Santa Maria Public Airport Captain G Allan Hancock Field,,,
SMX,Fazenda Planalto Airport,,,
SNA,Hallviken Airport,,,
SNA,John Wayne Airport-Orange County Airport,,,
SNA,Estância Miranda Airport,,,
SPI,Pibor Airport,,,
SPI,Abraham Lincoln Capital Airport,,,
SPI,Paranavaí Airport,,,
SPI,Springsure Airport,,,
SPS,Sheppard Air Force Base / Wichita Falls Municipal Airport,,,
SPS,Palmas Airport,,,
SRQ,Sarasota Bradenton International Airport,,,
SRQ,Refúgio Airport,,,
STL,Ljungbyhed Airport,,,
STL,St Louis Lambert International Airport,,,
STL,Plínio Alarcom Airport,,,
STL,Plekhanovo Airport,,,
STT,Vellinge Airfield,,,
STT,Lemon Hotel Heliport,,,
STT,Santa Teresa Airport,,,
STX,Tunxi International Airport,,,
SUN,Friedman Memorial Airport,,,
SUN,Terminal Petrobrás - Guarulhos Heliport,,,
SWF,New York Stewart International Airport,,,
SWF,Frederico Westphalen Airport,,,
SWF,Weifang Nanyuan Airport,,,
SYR,Syracuse Hancock International Airport,,,
SYR,Fazenda Santa Maria Airport,,,
TEX,Telluride Regional Airport,,,
TLH,Tallahassee Regional Airport,,,
TOL,Oltipesi Airport,,,
TOL,Eugene F. Kranz Toledo Express Airport,,,
TPA,Tampa International Airport,,,
TPA,Tipperary Airfield,,,
TRI,Tri-Cities Regional TN/VA Airport,,,
TUL,Tulsa International Airport,,,
TUL,Loei Airport,,,
TUS,Tucson International Airport / Morris Air National Guard Base,,,
TVC,Cherry Capital Airport,,,
TWF,Joslin Field Magic Valley Regional Airport,,,
TXK,Texarkana Regional Airport (Webb Field),,,
TYR,Tyler Pounds Regional Airport,,,
TYS,McGhee Tyson Airport,,,
VLD,Valdosta Regional Airport,,,
VLD,Las Brisas Airport,,,
VPS,Destin-Fort Walton Beach Airport,,,
VPS,Hacienda La Pastora Airport,,,
WRG,Fazenda Rancho Maria e Tereza Airport,,,
XNA,Northwest Arkansas Regional Airport,,,
XNA,Nambour Hospital Helipad,,,
YAK,Aussenkehr Airport,,,
YAK,Congo Town Airport,,,
YAK,Yalkulka Airport,,,
YUM,Yuinmery Airport,,,

Column,Description,,,
id,"Internal OurAirports integer identifier for the airport. This will stay persistent, even if the airport code changes.",,,
ident,"The text identifier. This will be the ICAO(International Civil Aviation Organization) code if available. Otherwise, it will be a local airport code (if no conflict), or if nothing else is available, an internally-generated code starting with the ISO2 country code, followed by a dash and a four-digit number.",,,
type,"The type of the airport. Allowed values are ""closed_airport"", ""heliport"", ""large_airport"", ""medium_airport"", ""seaplane_base"", and ""small_airport"". See the map legend for a definition of each type.",,,
name,"The official airport name, including ""Airport"", ""Airstrip"", etc.",,,
latitude_deg,The airport latitude in decimal degrees (positive for north).,,,
longitude_deg,The airport longitude in decimal degrees (positive for east).,,,
elevation_ft,The airport elevation MSL in feet (not metres).,,,
continent,"The code for the continent where the airport is (primarily) located. Allowed values are ""AF"" (Africa), ""AN"" (Antarctica), ""AS"" (Asia), ""EU"" (Europe), ""NA"" (North America), ""OC"" (Oceania), or ""SA"" (South America).",,,
iso_country,"The two-character ISO 3166:1-alpha2 code for the country where the airport is (primarily) located. A handful of unofficial, non-ISO codes are also in use, such as ""XK"" for Kosovo. Points to the code column in countries.csv.",,,
iso_region,"An alphanumeric code for the high-level administrative subdivision of a country where the airport is primarily located (e.g. province, governorate), prefixed by the ISO2 country code and a hyphen. OurAirports uses ISO 3166:2 codes whenever possible, preferring higher administrative levels, but also includes some custom codes. See the documentation for regions.csv.",,,
municipality,The primary municipality that the airport serves (when available). Note that this is not necessarily the municipality where the airport is physically located.,,,
scheduled_service,"""yes"" if the airport currently has scheduled airline service; ""no"" otherwise.",,,
gps_code,"The code that an aviation GPS database (such as Jeppesen's or Garmin's) would normally use for the airport. This will always be the ICAO code if one exists. Note that, unlike the ident column, this is not guaranteed to be globally unique.",,,
iata_code,The three-letter IATA code for the airport (if it has one).,,,
local_code,"The local country code for the airport, if different from the gps_code and iata_code fields (used mainly for US airports).",,,
home_link,"URL of the airport's official home page on the web, if one exists.",,,
wikipedia_link,"URL of the airport's page on Wikipedia, if one exists.",,,
keywords,"Extra keywords/phrases to assist with search, comma-separated. May include former names for the airport, alternate codes, names in other languages, nearby tourist destinations, etc.",,,

Column,Description,,,
id,"Internal OurAirports integer identifier for the runway. This will stay persistent, even if the runway numbering changes.",,,
airport_ref,Internal integer foreign key matching the id column for the associated airport in airports.csv. (airport_ident is a better alternative.),,,
airport_ident,Externally-visible string foreign key matching the ident column for the associated airport in airports.csv.,,,
length_ft,"Length of the full runway surface (including displaced thresholds, overrun areas, etc) in feet.",,,
width_ft,Width of the runway surface in feet.,,,
surface,"Code for the runway surface type. This is not yet a controlled vocabulary, but probably will be soon. Some common values include ""ASP"" (asphalt), ""TURF"" (turf), ""CON"" (concrete), ""GRS"" (grass), ""GRE"" (gravel), ""WATER"" (water), and ""UNK"" (unknown).",,,
lighted,"1 if the surface is lighted at night, 0 otherwise. (Note that this is inconsistent with airports.csv, which uses ""yes"" and ""no"" instead of 1 and 0.)",,,
closed,"1 if the runway surface is currently closed, 0 otherwise.",,,
le_ident,Identifier for the low-numbered end of the runway.,,,
le_latitude_deg,"Latitude of the centre of the low-numbered end of the runway, in decimal degrees (positive is north), if available.",,,
le_longitude_deg,"Longitude of the centre of the low-numbered end of the runway, in decimal degrees (positive is east), if available.",,,
le_elevation_ft,Elevation above MSL of the low-numbered end of the runway in feet.,,,
le_heading_degT,Heading of the low-numbered end of the runway in degrees true (not magnetic).,,,
le_displaced_threshold_ft,"Length of the displaced threshold (if any) for the low-numbered end of the runway, in feet.",,,
he_ident,Identifier for the high-numbered end of the runway.,,,
he_latitude_deg,"Latitude of the centre of the high-numbered end of the runway, in decimal degrees (positive is north), if available.",,,
he_longitude_deg,"Longitude of the centre of the high-numbered end of the runway, in decimal degrees (positive is east), if available.",,,
he_elevation_ft,Elevation above MSL of the high-numbered end of the runway in feet.,,,
he_heading_degT,Heading of the high-numbered end of the runway in degrees true (not magnetic).,,,
he_displaced_threshold_ft,"Length of the displaced threshold (if any) for the high-numbered end of the runway, in feet.",,,